box #	folder #	row #	id	title	description
1	1	3	86-21-464	" - Upper Left Photo of 5 on Page with Caption ""Talent of the Nichol Plant"""	
1	1	4	86-21-465	" Upper Right Photo on Talent Page"	
1	1	5	86-21-466	" Lower Left Photo on Talent Page"	
1	1	6	86-21-467	" Center Right Photograph on Talent"	
1	1	7	86-21-468	" Lower Right Photo on Talent"	
1	1	8	86-21-462	" Nichols Orchestra & Songstress Ella Breton"	
1	1	9	86-21-463	" Nichols Orchestra & Songstress Ella Breton"	
1	1	10	86-21-464	" Talent of the Nichols Plant"	
1	1	11	86-21-465	""	
1	1	12	86-21-466	""	
1	1	13	86-21-467	""	
1	1	14	86-21-468	""	
1	2	16	86-21-469	" Upper Left Photo on Page with Captions: Auctions For the Bond Drive"	
1	2	17	86-21-470	" Upper Right Photo on 'Auctions' Page"	
1	2	18	86-21-471	" Lower Left Photo on 'Auctions' Page"	
1	2	19	86-21-472	" Lower Right on Photograph on ""Auctions"" Page"	
1	2	20	86-21-473	" Upper Photo on Page with Caption 'Entertainment During Lunch Period'"	
1	2	21	86-21-474	" Center Photo on Lunch Period Page"	
1	2	22	86-21-475	" Lower Photo on Lunch Period Page"	
1	3	24	86-21-476	" Upper Left Photograph on Entertainment II Page"	
1	3	25	86-21-477	" Upper Right Photograph on Entertainment II Page"	
1	3	26	86-21-478	" Lower Left Photograph on Entertainment II Page"	
1	3	27	86-21-479	" Lower Right Photograph on Entertainment II Page"	
1	3	28	86-21-480	" Upper Left Photograph From Entertainment III Page"	
1	3	29	86-21-481	" Upper Left Photo on Entertainment III Page"	
1	3	30	86-21-482	" Center Left Photo on Entertainment III Page"	
1	3	31	86-21-483	" Center Left Photograph on Entertainment III Page"	
1	3	32	86-21-484	" Lower Right Photo on Entertainment III Page"	
1	3	33	86-21-485	" Lower Left Photograph on Entertainment III Page with Caption ""Jack Playing His Own March"""	
1	4	35	86-21-486	" Upper Photograph on Entertainment in Page"	
1	4	36	86-21-487	" Lower Left Photograph on Entertainment in Page"	
1	4	37	86-21-488	" Lower Right Photograph"	
1	4	38	86-21-489	" Upper Left Photograph of Four. Picture Caption ""Assembling the Stove Pipe"""	
1	4	39	86-21-490	" Upper Right Photograph of ""Assembling of Stove Pipe. (See-489)"	
1	4	40	86-21-491	" Lower Right Photograph Showing W.H.N (left) and Friend on Bicycles"	
1	4	41	86-21-492	" Lower Right Photograph on ""Stove Pipe"" Page with Caption ""Preperations For Winter"""	
1	5	43	86-21-493	" Upper Left Photograph on Page with Caption ""Christmas Scenes at Nichols"""	
1	5	44	86-21-494	" Upper Right Photograph on ""Christmas Page"""	
1	5	45	86-21-495	" Lower Left Photo on ""Christmas Page"""	
1	5	46	86-21-496	" Lower Right Photograph on Christmas Page"	
1	5	47	86-21-497	" Upper Photograph on ""Ship Scenes"" Page"	
1	5	48	86-21-498	" Lower Left Photo on Shop Scenes Page"	
1	5	49	86-21-499	" Lower Right Photo on ""Shop Scenes"" Page"	
1	6	51	86-21-500	" Upper Photograph with Caption ""Hank Connor at Engine Lathe"""	
1	6	52	86-21-501	" Upper Photograph of Nichols Residence With Caption ""Early Morning"""	
1	6	53	86-21-502	" Upper Photograph on ""Engine Room"" Page"	
1	6	54	86-21-503	" Lower Photograph on ""Engineering Room"" Showing Two Men Conferring"	
1	7	56	86-21-504	" Upper Photograph on ""Canteen"" Page. Caption Below: ""Mr. Davenport's Pictures"""	
1	7	57	86-21-505	" Lower Photograph on ""Canteen"" Page"	
1	8	59	86-21-508	" Upper Photograph on ""Reunion"" (Sperror) with Caption ""On the Porch"""	
1	8	60	86-21-509	" Lower Left Photo on ""Reunion"" Page with Caption ""In the Backyard"""	
1	8	61	86-21-510	" Lower Right Photograph on ""Reunion"" Page"	
1	8	62	86-21-511	" Upper Photo ""Girl's Softball Team"". Individuals in Supplement No. 1"	
1	8	63	86-21-512	" ""Girl's Softball Team,"" Lower Photo"	
1	9	65	86-21-513	" Upper Photo on ""Outing I"" Page with Caption ""Along the Banks"""	
1	9	66	86-21-514	" Lower Photo on ""Outing I"" Page with Caption ""Footbridge Across the Charles"""	
1	9	67	86-21-515	" Upper Photo on ""Outing I"" Page with Picture Caption ""Diving Board at the Swimming Pool"""	
1	9	68	86-21-516	" Lower Photo on ""Outing II"" Page with Picture Caption ""The Pool at Noon"""	
1	10	70	86-21-517	" Upper Photo on ""Outing III"" Page with Picture Caption ""Play on the Courts"""	
1	10	71	86-21-518	" Lower Left Photo on ""Outing III"" Page with Picture Caption ""Men's Free Style"""	
1	10	72	86-21-519	" Lower Center Photograph on ""Outing III"" Page"	
1	10	73	86-21-520	" Lower Right Photo on ""Outing III"" Page Showing A Man Diving into Swimming Pool"	
1	10	74	86-21-521	" Upper Photo on ""Outing IV"" Page with Picture Caption ""Mrs. Mills Arrives"""	
1	10	75	86-21-522	" Lower Photo on ""Outing IV wih Picture Caption ""First Aid* Too Much Sun"""	
1	11	77	86-21-523	" Upper Photo on ""Outing V"" Page with Picture Caption ""Between the Acts"""	
1	11	78	86-21-524	" Lower Right Photo on ""Outing V"" Page Showing Two Groups of People"	
1	11	79	86-21-525	" Lower Right Photo on ""Outing V"" Page Showing Two Men Standing Facing the Camera"	
1	11	80	86-21-526	" Upper Photo on ""Outing VI"" Page with Picture Caption ""Johnny Spartichwo"""	
1	11	81	86-21-527	" Lower Left Photo on ""Outing VI"" Page with Picture Caption ""Announcing the Winner"""	
1	11	82	86-21-528	" Lower Right Photo on ""Outing VI"" Page with Picture Caption ""Agnes Delory Shows Skill"""	
1	12	84	86-21-529	" Upper Photo on ""Outing VII - Sub"" ""The Shoe Race"" with Picture Caption ""Start of the Race"""	
1	12	85	86-21-530	" Center Photo on ""Outing VII"" ""The Shoe Race"" Page with Picture Caption ""Putting on Shoes"""	
1	12	86	86-21-531	" Lower Photo on ""Outing VII"" Page with Picture Caption ""Lillian Cowie Wins"""	
1	12	87	86-21-532	" Upper Photo on ""Outing VIII"" Page with Picture Caption ""Rita Cloherty and the Nail Driving Contest"""	
1	12	88	86-21-533	" Lower Photo on ""Outing VIII"" Page with Picture Caption ""Agnes Delory Makes Her Try"""	
1	13	90	86-21-534	" Upper Photo on ""Outing IX"" Page with Picture Caption ""The Last Struggle"""	
1	13	91	86-21-535	" Lower Photo on ""Outing IX"" Page with Picture Caption ""Pulled Over"	
1	13	92	86-21-536	" Upper Left Photo on ""Outing X"" Page with Picture Caption ""Caught in the Act"""	
1	13	93	86-21-537	" Upper Right Photo on ""Outing X"" Page"	
1	13	94	86-21-538	" Lower Left Photo on ""Outing X"" Page Showing Tom Tully Septe on a Bennete"	
1	13	95	86-21-539	" Lower Center Photo on ""Outing X"" Page"	
1	13	96	86-21-540	" Lower Right Photo on ""Outing X"" Page"	
1	14	98	86-21-541	" Upper Photo on ""Outing X"" Page Subcaption ""Scenes of the Swimming Pool and Bathing Beauties"""	
1	14	99	86-21-542	" Lower Left Photo of ""Outing XI/Swimming Pool"" Page"	
1	14	100	86-21-543	" Center Right Photo on ""Outing XI/Swimming Pool"" Page"	
1	14	101	86-21-544	" Lower Right Photo on ""Outing XI/Swimming Pool"" Page"	
1	14	102	86-21-545	" Group Photograph with Caption ""Gus Benson, Andy Keegan and Ezra Bruce Enjoying the Warm Sun"""	
1	15	104	86-21-546	" Upper Photo on ""Outing XII"" Supcaption ""Taking It Easy on the River"" Showing Mary Patterson - Frank Holman"	
1	15	105	86-21-547	" Lower Left Photo on ""Outing XII"" Page Showing Tom Tully in a Canoe"	
1	15	106	86-21-548	" Lower Right Photo on ""Outing XII"" Page Showing Tom Tully & Unindetified Man in Canoe"	
1	15	107	86-21-549	" Photograph on ""Outing XIII"" Page with Caption ""Arthur Studley and Bill Sheean"""	
1	16	109	82-21-550	" Single Photograph on ""Outing"" XIV Page with Caption ""Sam Lupo at the Softball Game"	
1	16	110	82-21-551	" Upper Photo on ""Outing"" XV Page with Picture Caption ""Louie Giminarda: Did He Hit It?"""	
1	16	111	82-21-552	""	
1	17	113	82-21-553	" Upper Left Photo on ""Outing"" XVI Page Subcaption ""Nichols Glamour Boys"	
1	17	114	82-21-554	" Lower Right Photo on ""Outing"" XVI Glamour Boys Page showing ""Skipper"" Burns"	
1	17	115	82-21-555	" Upper Photo on ""Outing"" XVII Page with Picture Caption ""Gordon Grant Relays the Facts to Luke Kenny"""	
1	17	116	86-21-556	" Lower Left Photo on ""Outing"" XVII Page with Picture Caption The Three Musketeers"	
1	17	117	86-21-557	" Lower Right Photo on ""Outing"" XVII Page with Picture Caption ""Jim Duggan and his Guests"""	
1	18	119	82-21-558	" Upper Photo on ""Outing"" XVIII Page with Picture Caption ""Ella Breton and Roy Peacock"""	
1	18	120	82-21-559	" Upper Photo on ""Outing"" XVIII with Picture Caption ""Walking on Air"" "	
1	18	121	82-21-560	" Lower Right Photo on ""Outing"" XVIII Page with Picture Caption ""The Gruesome Twosome"""	
1	18	122	82-21-561	" Upper Left Photo on ""Outing"" XIX Page with Picture Caption ""Gordon Grant"" "	
1	18	123	82-21-562	" Upper Left Photo on ""Outing"" on XIX Page with Picture Caption ""Charlie Smith"""	
1	18	124	82-21-563	" Lower Left Photo on ""Outing"" XIX Page with Picture Caption ""Dexter Twiss"""	
1	18	125	82-21-564	" Lower Right on Photo on ""Outing"" XIX Page with Picture Caption ""Herb Scheler"""	
1	18	126	82-21-565	" Upper Photo on ""Outing"" XX Page with Picture Caption ""Head Table"""	
1	19	128	82-21-565	" Upper Photo on ""Outing"" XX Page with Picture Caption ""Head Table"" "	
1	19	129	82-21-566	" Upper Photo on ""Outing"" XX Page with Picture Caption ""Head Table"" "	
1	19	130	82-21-567	" Lower Photo on ""Outing"" XX Page with Picture Caption ""Orchestra at Dinner"""	
1	19	131	82-21-568	" Upper Photo on ""Outing"" XXI Page with Picture Caption ""Scenes at the Dinner"""	
1	19	132	82-21-569	" Lower Right Photo on ""Outing"" XXI/Dinner Scenes"" Page"	
1	19	133	82-21-570	" Lower Right Photo on ""Outing"" XXI/Dinner Scenes"" Page"	
1	20	135	82-21-588	" Pamphlet; The W.H Nichols Company: Its History and Growth"	
1	21	137	82-21-589	" Listing of Contents of Nichols Museum - 2 Copies"	
1	22	139	86-21-590	" Arthur Nichols Obituary Consisting of Original New Clip and Photocopy"	
1	23	141	86-21-591	" Chemical Clip on WHN Employees Boating on Charles in 4-Oar with Coxswain"	
1	24	143	86-21-592	" Copy of Fortune 1944 Article on WHN"	
1	24	146	86-21-573	" A - Outdoor Group Photo Showing Banner with 10 Sailors, 3 Officers"	
1	24	147	86-21-573	" B - Duplicate Group Photo of 86-21-573 A"	
1	24	148	86-21-574	" A - Photo of WHN and Naval Officer on Outdoor Platform"	
1	24	149	86-21-574	" B Duplicate of 86-21-574 A"	
1	24	150	86-21-575	" A - Outdoor Photograph of WHN & U.S Navy Lt. Cindr "	
1	24	151	86-21-575	" B - Duplicate of 86-21-575 A "	
1	24	152	86-21-576	" Photograph Family Outliving "	
1	24	153	86-21-580	" B - Duplicate of 86-21-580 A"	
1	24	154	86-21-581	" B - Duplicate of 86-21-581 A"	
1	24	155	86-21-584	" Aerial Never Commercial Postcard & WHN Factory and Residue (empty)"	
1	24	156	86-21-585	" Group Color Photograph Commemorative T. Thomas 70th Birthday"	
1	24	157	86-21-587	" Large Wheel BIcicyle "	
1	24	158	86-21-590	" Arthur Nichols Obituary - Original Newspaper Clif From March 30, 1928"	
1	24	159	86-21-591	" Clip on Boating on Charles in a Four-Card Shell by Nichols Employees"	
1	24	160	86-21-642	" Nichols St. In Front of Residence in Hamilton, Ontario, Feb. 7, 1924"	
2	15	3	86-21-129	" - Letter to CRMI from Watch Musuem Re: Rawgo Astronomical Clock"	
2	1	5	86-21-131	" Dial of RAC with scale, NEG Row 2, 2nd RI"	
2	1	6	86-21-132	" Pendulum Assembly of RAC with Scale, NEG Row 2, 2nd Left"	
2	1	7	86-21-133	" Clock Key & Clock Hands - NEG Row 6, 3rd Left "	
2	1	8	86-21-134	" Assorted Small Parts, Negative; Row 6, Extreme RT"	
2	1	9	86-21-135	" Brass Strips NEG: Row 3, 2nd RT"	
2	1	10	86-21-136	" Cardboard Boc Containing Dial Mechanism Neg: Row 5, 1st Left"	
2	1	11	86-21-137	" Cigar Box Containing Clock Hands & Astrological Chart - Neg: Row 5, 3rd Left"	
2	1	12	86-21-138	" Cardboard Box Containing Pendulum & Brass Strips: Neg: Row 4, 1st RT"	
2	1	13	86-21-139	" Reverse Side of 86-21-136: Neg, Row 4, 2nd RT"	
2	1	14	86-21-140	" Printed Announcement Card Found in Same Box as 86-21-133 Parts Neg"	
2	1	15	86-21-167	" Half Tone Print of Charles Frodsham, 1810-1871"	
2	1	16	86-21-175	" Reproduction of a Lithograph of Robert Robin, 18th century Horologer to the King of France"	
2	2	19	86-21-168	" Portrait Photograph of Man, Name on Reverse is Not Legible"	
2	2	20	86-21-169	" Portrait Print of Edouard Phillips, 1821-1889"	
2	2	21	86-21-170	" Avunculo Charissimo D. Iacobo Thuret Photograph of an Engraving of Jacques Thuret"	
2	2	22	86-21-171	" Reproduction of 86-21-172"	
2	2	23	86-21-172	" Portrait Photograph of Unidentified Whiskered Man"	
2	3	24	86-21-166	" Portrait Photograph of Margaret Chamberlan"	
2	4	26	86-21-173	" Portrait in Engraving of Count Bruhl"	
2	5	29	86-21-176	" Photostat of Pamphlet ""The Elements of Watch and Clockmaking"" by Charles Frodsham. Negative & Reversed L-R"	
2	6	31	86-21-177	"A Photocopy of Envelope in Which Item 86-21-176 was Found"	
2	7	33	86-21-177	"B Envelope: See Items 86-21-176 & 177A"	
2	8	35	86-21-177	"B Envelope: See Items 86-21-176 & 177A"	
2	10	38	86-21-205	" - Negative Photos (illegible) in Latin of Monograph on the Invention of Pocket Watches"	"* Negative photostat of a Latin monograph on the Invention of pocket watches. One page summary in English with remainder of the 58 sheets in Latin, printed in Gothic type. Title; ""Cosmographia"", author Pomponlus Mela. Size 216 mm by 279 mm (8.5 in. by 11.0 in. )"
2	11	40	86-21-210	" Chip Spinning Metal from Popular Science, 1933"	"* Magazine clip Popular Science Monthly, 292 mm (8.25 in. by 11.5 ""Signal Book in. by 5.2 3"
2	12	42	86-21-212	" - Reprint: Large Gears Cut With a Slotter From the Iron Age - Dec. 25, 1941"	"* Reprint ""Large Gears Cut with a Slotter "" by Koffsky. Reprinted from the ""Iron Age"" issue of December Approximate size 216 mm by 279 mm (8.5 in. by 11.0 in.) II Samual 25, 1941."
2	13	44	86-21-213	" - Newspaper Clip ""Mr. Churchill Starts the Shooting"""	"* Mounted newspaper clip with headline: ""Mr. Churchi11 ’ Starts the Shooting."" Source and date unknown. Mounted on 190 mm by 254 mm (7.5 in. by 10.0 in.) Copy made 9/4/90 included. Original needs restoration."
2	14	46	86-21-216	" - Periodical: ""The Laboratory"" Published by Fisher Scientific"	"* Periodica] called ""The Laboratory"" consisting of detached cover sheets and pages 43-58. Cover sheet legend: ""Published by Fisher Scientific Company, Pittsburgh, Pa. and Montreal Canada, Volume 10, Number 3. Contains articles of scientific historical interest as well as catalog descriptions of items for sale by Fisher. Size 152 mm by 229 mm (6.0 in. by 9.8 in.) . Date unknown."
2	15	48	86-21-223	" Book Catalogue Jeremy North 1951"	"* Catalog of books called North 1951."" Mimeographed with black sheets size 216 mm by 356 mm (8.5 in. ""Mars List No. 16 from Jeremy ink on yellow paper, 15 by 14.0 in.)"
2	16	50	86-21-224	" Letter from Edwin A. Battison to Arthur Nichols"	"* Letter from Edwin A. Battison to Arthur Nichols dated 16 March 1965. Typewritten and signed ""Ed"" on 216 mm by 279 mm (8.5 in. by 11.0 in.) letterhead printed as follows: ""Edwin A. Battison, 2833 South Columbus Street, Arlington, Virginia 22206."" Needs restoration to remove a few light stains."
2	17	52	86-21-228	" Publication ""The Flying Quill"""	"* Catalog of autographs publication, ""The Flying Quill"" issue of October 1950 published by Goodspeeds Book Store, 16 Beacon Street, Boston 8 Massachusetts. Four pages, size 229 mm by 305 mm (9.0 in. by 12.0 in.) folded."
2	18	54	86-21-229	" Photostat or a Receipt Dated 1807 for a Silver Timekeeper"	"* Photostat of a hand written receipt for a purchase of s i 1 ver t i rnekeepe r dated April 1807. Cursive script requires interpretation. Size 102 mm by 216 mm (4.0 in. by 8.5 in.)"
2	19	56	86-21-230	" Catalogue Sheet For Browning Automatic Shotgun"	"* Catalog sheet for Deluxe models of Browning automatic shotguns in French, English, German, and Spanish. Issued by Fabrique Nationale D'Armes de Guerre, a Belgian arms company, Four pages 216 mm by 27 3 inm (8.5 In. by 10.75 in.)"
2	20	58	86-21-231	" Reprint: L'Armurie Belge From La Construction Metallique, No. 9, September 15, 1938"	"* Reprint r ""L'Armurerie Beige"": from La Construction Metalllque No. 9, ’, September 15, 1938 in French. 32 pp +■ front and back covers. Size 210 mm by 267 mm (8.25 in. by 10.5 in.)"
2	21	60	86-21-232	" Blank Memo Pad Inscribed Memo From W.H Nichols"	"* Blank memo pad with top printed Nichols."" Bottom has advertising for Rubel mm by 210 mm (5.5 in. by 8.25 in.) ""Memo from W.H. Machinery Co. Size 140 2-3 2/20/91"
2	22	62	86-21-233	" P. Louise B. Nichols Bank Statement Cancelled Checks, June 1958"	"* Louise B, Nichols bank statement from Newton-Waltham Bank and Trust Co. plus two cancelled checks. Undated but last transaction on June 19, 1958. Statement size: 130 mm by 229 mm (7.0 in. by 9.0 in.) Check size 70 mm by 159 mm (2.75 in. by 6.25 in. ) . cancelled item sizes as"
2	23	64	86-21-234	" Louise B. Nichols Bank Statement and Cancelled Check, July 9, 1958 (2)"	"* Louise B. Nichols bank statement plus one check. Last transaction July 9, 1958 . Same bank and"
2	24	66	86-21-240	" 3""x5"" Card with Notations Title(?) ""The Model Engineer"	"* Index card with notations. Upper left: ""the Model Engineer"", circa 1927. Covered with notes that need interpretation. Badly yellowed and needs restoration. Size 76 mm by 127 mm (3.0 in. by 5.0 in.) * Index card with notations. Upper left: ""the Model Engineer"", circa 1927. Covered with notes that need interpret- ation. Badly yellowed and needs restoration. Size 76 mm by 127 mm 1 (3.0 in. by 5.0 in.) i: 86-21-241 22 222. * ■ Magazine ■ i ""Compressed Air."" Issue of October 1967. Review of the capabilities and economies of air and gases. Thirty- two pages. Size 210 mm by 292 mm (8.25 in. by 11.5 in.) * Index card with notations. Upper left: ""the Model Engineer"", circa 1927. Covered with notes that need interpretation. Badly yellowed and needs restoration. Size 76 mm by 127 mm (3.0 in. by 5.0 in.)"
2	25	69	86-21-286	"D Postmark Dec. 8 6:30pm 1956 Los Angeles 15 Calif."	"* Typewritten copy of an article from the December 9, 1957 issue of PRODUCT ENGINEERING entitled: ""Obituary for Two Craftsmen,"" author identified as ""EJT."" The subjects of the obituary are W. H. Nichols and David Mann. On 216 mm by 279 mm (8.5 in. by 11.0 in.) bond paper."
2	26	71	86-21-242	" Copy of Article in Waltham + Free Press - Tribune, May 20,1920"	"* Carbon copy on onion skin paper of text and name list from the Waltham free Press-Tribune May -- 1920. r Seven pages each 20, 216 mm by 279 mm (8.5 in. by 11.0 in.), Needs restoration: some pages dog-eared, some with edge deterioration, and yellowing. * < Carbon ----- copy on onion skin . paper . of text and name list from the Waltham free Press-Tribune May 20, 1920. Seven pages each 216 mm by 279 mm (8.5 in. by 11.0 in.). Needs restoration: some pages dog-eared, some with edge deterioration, and yellowing. * Carbon copy on onion skin paper of text and name list from the Waltham free Press-Tribune May 20, 1920. Seven pages each 216 mm by 279 mm (8.5 in. by 11.0 in.). Needs restoration: some’ pages dog-eared, some with edge deterioration, and yellowing."
2	27	75	86-21-114	" Photo 3 1/2"" x 5"" - See Also 86-21-109"	"* Photograph of same RAC as In 86-21-109. either negative underexposed or print overexposed. 127 mm (3.5 in. by 5.0 in.) Size 102 mm by Poor print: Size 89 mm by"
2	27	76	86-21-115	" Photo 3 1/2"" x 5"" - See 86-21-114"	"* Photograph of RAC from same negative as in 86-21-114 but with correction of exposure. Size 89 mm by 127 mm (3.5 in. by 5.0 in. ) ."
2	27	77	86-21-116	" Photo 3 1/2"" x 5"" - Same Clock "	"* Photograph of RAC of same clock as in 86-21-109. composition and poor print.. Size 89 mm by 127 mm (3.5 in. in.)."
2	27	78	86-21-117	" RAC Photo 3 1/2"" x 5"" Reprint of 86-21-116"	"* Reprint of photograph in 85-21-116. 89 mm by 127 mm (3.5 in. by 5.0 in.) . Poor print. Poor by 5.0 Size"
2	27	79	86-21-118	" RAC Photo 3 1/2"" x 5"" - Reprint of 86-21-115"	"* Reprint of photograph in 86-21-115. mm (3.5 in. by 5.0 in.) Size 89 mm by 127"
2	27	80	86-21-119	" Photo 3 1/4"" x 5 1/2"" Top View 86-21-109"	"* Top view photograph of Chamberlain RAC, in 86-21-109. Size 89 mm by 140 mm (3.5 in. by 5.5 same as in.) shown"
2	27	81	86-21-120	" Photo 3 1/2"" x 4 1/2"" Reprint of 86-21-115"	"* Reprint of RAC photograph shown mm by 114 mm (3.5 in. by 4.5 in.) in 86-21-115. Size 89 86 21-121 * Photograph of RAC shown in 86-21-109. 152 mm (3.5 in. by 6.0 in.) Size 89 mm by"
2	27	82	86-21-121	" Photo 3 3/4"" x 6"" "	
2	27	83	86-21-141	" Reverse Side of 86-21-140 Showing Astrological Chart, Ne 6 Row 6, 1st Left"	
2	27	84	86-21-143	" Photographic Print of OA, Clock Dial"	
2	27	85	86-21-144	" Photographic Print of IA, Clock Dial"	
2	27	86	86-21-145	" Print of Negative 2A, Clock Dial"	
2	27	87	86-21-146	" Print of Negative 3A, Reverse Side of Clock Dial"	
2	27	88	86-21-147	" Print of Negative 4A, Rear View of Pendulum"	
2	27	89	86-21-148	" Print of Negative 5A, Rear View of Pendulum"	
2	27	90	86-21-149	" Print of Negative 6A, Front View of Pendulum"	
2	27	91	86-21-150	" Photographic Print of Negative 7A, Front View of Pendulum"	
2	27	92	86-21-150	" Photographic Print of Negative 8A, Brass Strips"	
2	27	93	86-21-152	" Photographic Print of Negative 9A, Brass Strips "	
2	27	94	86-21-153	" Photographic Print of Negative 10A, Clock Parts "	
2	27	95	86-21-154	" Photographic Print of Neg 11A, Clock Parts"	
2	27	96	86-21-155	" Photographic Print of Negative 12A Showing Clock Parts"	
2	27	97	86-21-156	" Photographic Print of Negative 13A, Card From Plaza Art Galleries "	
2	27	98	86-21-157	" Photographic Negative 14A, Astrological Chart"	
2	27	99	86-21-158	" Photographic Print of Negative 15A, Astrological Chart"	
2	27	100	86-21-159	" Photographic of a Portrait Engraving of Georges Leschott with a Legend Below in French"	
2	27	101	86-21-160	" Photograph in Glassline Envelop Photo of A.N De Patek 1812-1877"	
2	27	102	86-21-161	" Photo of Portrait of Francois Constantin 1787-1854 Horalogist"	
2	27	103	86-21-162	" Photo of Portrait of Adrian Phillipe 1815-1894"	
2	27	104	86-21-163	" ""Elite Studio"" photo of N.B Sherwood Chicago"	
2	27	105	86-21-164	" Photo of Karl Moritz Grossmann 182"	
2	27	106	86-21-165	" Photo of Robert Gardner ""Father of Malcolm"""	
2	27	109	86-21-101	" RAC Typed Description & Provenance - 7 1/2"" x 9 1/2"" - Trans CRIBEU From Reverse of Photograph 86-21-103"	
2	27	110	86-21-102	" Letter from A.E Hurley Inspector's Office to Major P.M Chambelain Windsor Castle Mar 11,1931 Transmittal of Photograph - 7 1/2"" x 9 1/2"	"* Letter from A.E. Hurley, Inspector's office, Windsor’ Castle, to Major P.M. Chamberlain,, Newark, N.J., dated 11 March 1931. Subject: RAC in Windsor Castle. Cast 1e . Typewritten and signed. on 190 mm by 242 mm (7.5 in. by 9.5 in.) paper."
2	27	111	86-21-103	" Photograph 5"" x 8"" - From Windsor Castle - Description & Provenance Handwritten on Reverse - See Also 86 - 21 - 101 & 102"	"* Photograph of RAC in the collection of Windsor Castle. Reverse side contains hand-written description and provenance similar to 86-21-101. Size 127 mm by 203 mm. (5.0 in. by 8.0 in.) See also item 86-21-102. Note: This item needs restoration."
2	27	112	86-21-104	" Photograph - Notation Reverse with Instruction to Reduce 1/2 Size & To See Caption 3. Notation also says ""From the Sir John"" Soane Musuem in London - 6"" x 8"""	"* Photograph of RAC in the Sir John Soame Museum in London. Identified by hand written notation on reverse side. Size: 152 mm by 203 mm (6.0 in. by 8.0 in.)"
2	27	113	86-21-105	" RAC Photograph 8"" x 10"" - Reverse Hand Written Notation. Rango Astronomical Clock in P.M Chamberlain Collection Needs Restoration"	"* Photograph of the RAC in the collection of P.M. Chamberlain. Size 203 mm by 254 mm (8.0 in. by 10.0 in.) Reverse side notation.0-: ""Raing: As •. r c.-.'-m i :-a 1 Clock in the P.M. Chamberlain co 1 1 e-.•, i zv."" ; Blue stamp with the legend ""Ernest Tanare, Commercial Photographer, 4&5 Court Square, Brooklyn, Tel: Triangle 5434."" Needs Restoration. N.Y. ,"
2	27	114	86-21-106	" RAC Photograph - Top View - 8"" x 10"" from P.M Chamberlain Collection"	"* Top view photograph of RAC shown in 86-21-105. Embossed on the lower right corner of front side ’s the legend : Ernest Tanare Photographer, The reverse r ® v 4 r s e side has the same nolat ions as 86-21-105. ' Size 203 mm by 254 mm ’.5.0 in. by 10.0 in. ) 2 54"
2	27	115	86-21-107	" Photograph 8"" x 10"" - 3/4 View Front/Down - Presumed to be Chamberlain Clock"	"* Top oblique view photograph of RAC presumed to be that shown in 86-21-105. Size: 203 mm by 254 mm (8.0 in. by 10.0 in.) On reverse is the notation: ""See Chapter 5 reduce to half size."""
2	27	116	86-21-108	" RAC Photograph 6"" x 9"" - Notation Reverse ""at Con"	
2	27	117	86-21-109	" RAC Photograph 8"" x 10"" Notation Rear Notation on Reverse: Raingo Astronomical Clock in P.M Chamberlain Collection"	"* Photograph of RAC in front view. Note on reverse: ""Raingo Raingo Astronomical Clock in P.M. Chamberlain collection."" Size 203 mm by 254 mm (8.0 in. by 10.0 in.)"
2	27	118	86-21-109	" on Loan "	"* Photograph of RAC in front view. Note on reverse: ""Raingo Raingo Astronomical Clock in P.M. Chamberlain collection."" Size 203 mm by 254 mm (8.0 in. by 10.0 in.)"
2	27	119	86-21-110	" Sketch on Laundry Cardboard of Clock Mechanism - Chordal Segament of a Circle - 11"" x 7"" "	"* Pencil sketch on laundry cardboard of clock base plate (?) . Chordal circular segment approximate size 118 mm by 219 mm (7.0 in. by 11.0 in.)"
2	27	120	86-21-111	" Rawgo Photograph 8"" x 10"" - No Notations - Same Clock as 86-21-109"	"* Photograph of RAC similar 20 3 mm by 2 5 4 mm ( 8 . 0 in. by 10.0 in.! to that of 98-21-109. Size 1-1 2/20/91"
2	27	121	86-21-112	" - RAC Collor Pendering 6"" x 9 1/2"" - Lower Right Hand Corner Missing/Legend Bottom Relox Astronomico R. Ackermanns Repository of Arts 8c 1824"	"* color rendering (lithograph?) of RAC in front view. Legend below clock image: ""Relox Astronomico"" , ""R.Ackerman's Repository of Arts"", ""8C 1824."" Size 152 mm by 241 mm (6.0 in. 9.5 in.) Lower right hand corner of plate missing. by"
2	27	122	86-21-122	" Dimensioned Detail Drawing 8 1/2"" x 11"" Pencil on Paper of a Mouting Plate; on 8 1/2"" x 11"" paper yellowing"	"* Pencil dimensioned drawing (in or mm ?) of a clock mounting plate (?). On 216 mm by 279 mm (8.5 in. by 11.0 in.) white paper. Needs restoration since paper Is now yellowing."
2	27	123	86-21-124	" Color Rendering 6"" x 9 1/2"" see 86-21-112 - Notations on Figure are in English"	
2	27	124	86-21-202	" Advertising Blotter"	"* Blotter advertising the ""Locomotive Railway Carriage and Wagon Review."" Unused as a blotter. Size 114 mm by 241 mm (4.5"" in. by 9.5 in.)"
2	27	125	86-21-203	" Reprint: Alma Steam Motors 8 Pages From: Steam Car Developments and Steam Aviation May 1939 - 51/2"" x 81/2"""	"* Reprint and Steam Aviation"", in. by 8.5 in.) ""Alma Steam Motors"" May 1939 8 pages, from ""Steam Car Development Size 140 mm by 216 mm (5.5"
2	27	126	86-21-206	" Fitchburg Railroad 1889 Timetable"	"* Time table Fitchburg R.R., Hoosac Tunnel Route Boston west to Troy, Saratoga, and Rotterdam to June 17, 1889. Open size 305 mm by 533 mm (12.0 in. by 21.0 in.)in.) folded to 92 mm by 127 mm (3.62 in. by 5.0 in.)"
2	27	127	86-21-207	" Roster Post 29 GAR 1892"	"* Roster of Post 29 G.A.R. Long title: ""Francis P.H. Rogers Post 29 Department of Massachusetts G.A.R., Waltham, Mass., 1892. Handbook includes data on post organization, dues, roster etc . 22 numbered pages plus 4 printed but unnumbered4 plus 6 blank . Size 83 mm by 127 mm (3.25 in. by 5.0 in.)"
2	27	128	86-21-208	" Tate Book, Jan 1948 (empty)"	"* Date book for January 1948. Sharpe. Entries only on pages for Jan. '121 mm (2.5 in. by 4.75 in.) Souvenir from Brown and 1, 2. and 3. Size 54 mm by"
2	27	129	86-21-209	" Booklet ""To New Usefulness & Honor"" Smith College 75th Anniversary Fund"	"* Honor"", for paign, 1950. Fund raising booklet called ""To New Usefulness and the Smith College 75th Anniversary fund-raising camSize 152 mm by 229 mm (6.0 in. by 9.8 in.) 2-1 2/20/91"
2	27	130	86-21-211	" Booklet 4 3/8"" x 5 1/4"" Signal Book United States Army 1916 64 Pages"	"* 133 mm (4.12 spinning Metal"" by Herbert Woolsey from June 1933, pages 76-80. Size 210 mm by H in.) Needs restoration or copying. U.S. in. ) Navy, 1916"" 64 pages. Size 105 mm by"
2	27	131	86-21-215	" - Photograph 4 1/4"" x 3 1/2"" of Ambrose Divasey"	"* Photograph with top border inscribed ""December at eighty-one."" Bottom border inscribed ""For Mr. Paul M. berlaln from Ambrose Dlvasey."" Size 89 mm by 108 mm (3.5 4.25 in.) 14, 1927 Chamin. by"
2	27	132	86-21-217	" Envelope Originally Contained 5 B&W ""Brattleborro Photos"" - Postmark Nov. 30, 1948 - New York 17 N.Y Cancelled: Grand Central Station"	"* Envelope contained photographs postmarked November 30, 1948, New York, N. Y., Grand Central Station. Reverse side notation: "" Mrs. P. M. Chamberlain"" (handwritten); Beekman Tower, 1 Mitchell Place, New York 17, N.Y. (printed); ""Brattleboro Photographs"" (handwritten), Size 95 mm by 165 mm (3.75 in. by 6.5 in.) by 3.75."""
2	27	133	86-21-218	" Photo Cemetery Monument - Col. James Fisk, Jr: See also 86-21-217"	"* Photograph of cemetery monument (see 86-21-17) Inscription on monument: ""Col. James Fisk, Jr.""; ""Born April 1, 1835""; ""Died January 9, 1872."" Size 89 mm by 121 mm (3.5 in. by 4.75 in . )"
2	27	134	86-21-219	" Wide Angle View of Monument Shown in 86-21-218 - 4 3/4 x 3 1/2"	"* wide angle photograph of monument, Size 89 mm by 123 mm (3.5 in. by 4.75 in.) . shown in 86-21-218."
2	27	135	86-21-220	" Photo of W.H Nichols at Monument Shown in 86-21-218 4 3/4"" x 3 1/2"""	"* Photograph of WHN viewing monument shown Size 89 mm by 121 mm (3.5 in. by 4.75 in.) . in 86-21-218."
2	27	136	86-21-221	" Detail of Monument Shown in 86-21-18. Printsize 4 3/4"" x 3 1/2"" in 5"" x 7"" Slip Case"	"* Photograph showing close-up detail of monument 86-21-218. Size 89 mm by 121 mm (3.5 in. by 4.75 in.) . in 2-2 2/20/91"
2	27	137	86-21-222	" Photo of Laurel Glen Mausoleum Presumed to be in Same Cemetery as Monument"	"* Photograph of Lautal Mausoleum showing date 1880 Inscribed In doorway lintel. Specific location of the monument shown In 86-21-18 t0 -21 and mausoleum are not specified but it is assumed that both are In the same cemetery. All photographs were found Ln the same envelope, cataloged as 86-21-217. Size 89 mm by 121 mm (3.5 In. by 4.75 in. )"
2	27	139	86-21-235	" Double Photograph of Bert & Eleanor Nichols - 50th Anniversary "	"* Double photograph of Bert and Eleanor Nichols mounted in display folder. Hand written legend on back of folder: ""1957/ 50th anniversary cf Bert and Eleanor Nichols. Bert Nichols was the Canadian native brother of WHN. Sizes: Photographs 64 mm by 95 mm (2.5 in. by 3.75 in.); Folder open 165 mm by 241mm (6.5 in. by 9.5 in . )"
2	27	140	86-21-239	" Menu & Autographs - Handmade 5 1/4"" x 8 2/4"" Dated March 26, 1892"	"* Dinner menu and list of signatures plus front and rear covers, bound at top with cotton string through holes, Front cover contains wash drawing of a two female-figure statue. Menu of banquet dated March 26, 1892 on onion skin paper. On inside of back cover is a list of signatures. This item needs further research on its origin and its connection to WHN. Covers of art board Size 133 mm by 222 mm (5.25 in. by 8.75 in.) 2-4 2/20/91"
2	27	141	86-21-241	" Magazine Compressed Air - Sept. 1967 86-21-241"	"* Magazine ""Compressed Air."" Issue of October 1967. Review of the capabilities and economies of air and gases, Thirtytwo pages. Size 210 mm by 292 mm (8.25 in. by 11.5 in.) * Magazine "" Compressed Air."" Issue of October 1967. Review of the capabilities and economies of air and gases, Thirtytwo pages. Size 210 mm by 292 mm (8.25 in. by 11.5 in.)"
2	27	142	86-21-286	"D Postmark Dec 8, 6:30pm 1956 Los Angeles 15 Calif."	"* Typewritten copy of an article from the December 9, 1957 issue of PRODUCT ENGINEERING entitled: ""Obituary for Two Craftsmen,"" author identified as ""EJT."" The subjects of the obituary are W. H. Nichols and David Mann. On 216 mm by 279 mm (8.5 in. by 11.0 in.) bond paper."
3	nothing	2	86-21-603	" Photograph of woerd Avenue, Boathouse"	
3	nothing	3	86-21-616	" Post card of The Burgoyne Elm, Waltham"	
3	nothing	4	86-21-594	" Outdoor Group Photograph of 30 men if the Rod & Gun Club"	
3	nothing	5	86-21-619	" Photograph of W.H. Nichols 1898. Found on open shelf in library on 11/20/90"	
3	nothing	6	86-21-594	" Outdoor Group Photograph of 30 men if the Rod& Gun club"	
3	nothing	7	86-21-599	" Photograph of four place canoes on water in Worcester"	
3	nothing	8	86-21-600	" Mounted photograph of man in singles canoe"	
3	nothing	10	86-21-601	" Rambler Boat club photograph on water in New London, Connecticut"	
3	nothing	11	86-21-602	" Undated mounted photograph of the two men in canoe"	
3	nothing	12	86-21-604	" Photograph of 9 men in war canoe"	
3	nothing	13	86-21-605	" Photograph of 15 members of Waltham Canoe Club and 6 canoes"	
3	nothing	14	86-21-606	" Photograph of 3 canoes with 4 men in each canoe"	
3	nothing	15	86-21-608	" Geo Cormier in single scoll"	
3	nothing	16	86-21-609	" Mounted Photograph of H.B. Arnold in a canoe taken in 1887"	
3	nothing	17	86-21-610	" Photograph of Boat House at Waltham"	
3	nothing	18	86-21-611	" Mounted Photograph of War canoe with 9 aboard on giver. Cemetery in background"	
3	nothing	19	86-21-612	" Mounted photograph of a canoe flotilla "	
3	nothing	20	86-21-613	" Outdoor group photograph of ten men with canoe paddles, six standing and four sitting in front of a tent- men indentified on reverse"	
3	nothing	21	86-21-614	" Photograph of W.H. Nichols & Mrs. Louise Nichols raising American Flag and e-Award banner."	
3	nothing	22	86-21-617	" Outdoor group photograph of 31 men and 1 woman in three rows"	
3	nothing	23	86-21-622	" Photograph of Mary Nichols on Founders Day, August 7, 1969"	
3	nothing	24	86-21-624	" Photograph of WHN Museum Exhibits"	
3	nothing	25	86-21-625	" Portrait Photograph of WHN"	
3	nothing	26	86-21-626	" Portrait Photograph of Hart Nichols"	
3	nothing	27	86-21-627	" Portrait Photograph of Arthur Nichols"	
3	nothing	28	86-21-628	" Photograph of Bill Nichols Jr., Ron Lamont, and Latham Nichols "	
3	nothing	29	86-21-629	" Group Photograph of seven Men showing Bill Nichols and Latham Nichols receiving a quality assurance award from Boeing Vertol."	
3	nothing	30	86-21-630	" Photograph of WHN Shop interior showing men at work on machine tools"	
3	nothing	31	86-21-632	" Photograph of WHN Arthur, Mrs. WHN, Hart"	
3	nothing	32	86-21-633	" Interior Photograph of WHN Shop showing met at work on machine tools"	
3	nothing	33	86-21-635	" Photograph of WHN Co. Shop Interior showing men & women at work"	
3	nothing	34	86-21-636	" Photograph of WHN shop interior showing and women at work on machine tools"	
3	nothing	35	86-21-637	" Photograph of WHN Co. Inspection Department"	
3	nothing	36	86-21-638	" Photograph of children at annual Christmas Party in canteen"	
3	nothing	37	86-21-659	" (no folder) photo of ship"	
3	nothing	38	86-21-593	" Group photograph of N.H. Nichols employees in 1912"	
3	nothing	39	86-21-595	" Photograph of Waltham Fire Department chemical 1 engine (missing)"	
3	nothing	40	86-21-597	" Photograph of Waltham steam pumper in 1908"	
3	nothing	41	86-21-598	" Cresent Canoe Club on river"	
3	nothing	42	86-21-607	" Photography of war canoe with 9 men aboard"	
3	nothing	43	86-21-615	" Photograph of derailed locomotive & passenger car Boston and Lowell Rd."	
3	nothing	44	86-21-618	" Letter regarding train wreck shown in Item 86-21-615"	
3	nothing	45	86-21-621	" Mounted photograph of Norumbega tower"	
3	nothing	46	86-21-661	" Annotated photocopies by Cmdr Clegg, Rn"	
3	nothing	47	86-21-662	" Devonport-Plymouth Nautical Chart"	
5	nothing	3	86-21-244	" Photograph of White Swan Time & Location Unkown"	"* Photograph of the power launch ""White Swan"" on land. Photograph probably taken in March 1941 in the vicinity of the Woerd Avenue Boat House on the Charles River, Size 235 mm by 311 mm (9.25 in. by 12.25 in.) Item stored in oversize file box #1. * Photograph of the power launch ""White Swan"" on land. Photograph probably taken in March 1941 in the vicinity of the Woerd Avenue Boat House on the Charles River, Size 235 mm by 311 mm (9.25 in. by 12.25 in.) Item stored in oversize file box #1. 4 * Photograph of Photograph probably taken Woerd Avenue Boat House on mm (9.25 in. by .12.25 in. ) the power launch ""white Swan"" on land. in March 1941 in the vicinity of the the Charles River, Size 235 mm by 311 Item stored in oversize file box #1."
5	nothing	4	86-21-245	" Photograph of naming of White Swan-size 8"" x 10"""	"* Photograph of prow of the launch ""White Swan"" showing left to r ight: Charles Schock, son of boat designer Irving Schock; i 3 Moses Colon, builder of boat; Mrs. WHN; Mr. WHN; kneeling Ball Bartlett; Dorothy Ann Bartlett performing bottle breaking ceremony for naming the boat. Size 203 mm by 254 mm (8.0 in. by 10.0 in.). * Photograph of launching of the motor launch ""White Swan"" in March 1941. Five men shown: left (wearing hat) is boat builder Moses Colon;extreme right Arthur Nichols; three others unidentified. Site is Charles River in Waltham. Size 203 mm by 254 mm (8.0 in. by 10.0 in.). * Photograph of prow of the launch ""White Swan"" showing left to right: Charles Schock, son of boat designer Irving Schock; Moses Colon, builder of boat; Mrs. WHN; Mr. WHN; kneeling Ball Bartlett; Dorothy Ann Bartlett performing bottle breaking ceremony for naming the boat. Size 203 mm by 254 mm (8.0 In. by 10.0 in.). 1 3 * Photograph of prow of the launch ""White Swan"" showing left to right: Charles Schock, son of boat designer Irving Schock; Moses Colon, builder of boat; Mrs. WHN; Mr. WHN; kneeling Ball Bartlett; Dorothy Ann Bartlett performing bottle breaking ceremony for naming the boat. Size 203 mm by 254 mm (8.0 in. by 10.0 in.)."
5	nothing	5	86-21-246	" Photograph of the launch of the White Swan size 8"" x 10"""	"* Photograph of launching of the motor launch ""White Swan"" in March 1941. Five men shown: left (wearing hat) is boat builder Moses Colon;extreme right Arthur Nichols; three others unidentified. Site is Charles River in Waltham. Size 203 mm by 254 mm (8.0 in. by 10.0 in.). * Photograph of launching of the motor launch ""White Swan"" in March 1941. Five men shown: left (wearing hat) is boat builder Moses Co 1 on;extrerne right Arthur Nichols; three others unidentified. Site is Charles River in Waltham. Size 203 mm by 254 mm (8.0 in. by 10.0 in.)."
5	nothing	6	86-21-247	" Photograph of White Swan Underway"	"* Photograph of the motor launch ""white Swan"" underway on a river with three men aboard: one man forward and two amidships. A cemetery is shown on the far shore. The location may be on the Charles River in Waltham, Size 203 mm by 254 mm (8.0 in. by 10.0 in. ) . * Photograph of the motor launch ""White Swan"" underway on a river with three men aboard: one man forward and two amidships. A cemetery is shown on the far shore. The location may be on the Charles River in Waltham, Size 203 mm by 254 mm (8.0 in. by 10.0 in. ) . * Photograph of the motor launch ""White Swan"" underway on a river with three rnen aboard: one man forward and two amidships. A cemetery is shown on the far shore. The location may be on the Charles River in Waltham. Size 203 mm by 254 mm (8.0 in. by 10.0 in. ) ."
5	nothing	7	86-21-248	" Photograph of Schacht Buggy Automobile 1905-1906"	"* Photograph of a ""Schacht Buggy"" automobile, 1905-1906 model . Typewritten legend on paper pasted to reverse side as follows: ""SCHACHT BUGGY-(1905-1906) Cincinnati Ohio""; ""$500. (?)""; ""ENGINE - 2 CYLINDER WATER cooled - h.p. in rear crank at back."" Size 152 mm by 229 mm (6.0 in. by 9.8 in. ) 2-5 2/20/91 * Photograph of a ""Schacht Buggy"" automobile, 1905-1906 model. Typewritten legend on paper pasted to reverse side as follows: ""SCHACHT BUGGY-(1905-1906) Cincinnati Ohio""; ""$500. (?)""; ""ENGINE - 2 CYLINDER WATER cooled - h.p. in rear crank at back."" Size 152 mm by 229 mm (6.0 in. by 9.8 in.) 2-5 2/20/91 * Photograph of a ""Schacht Buggy"" automobile, 1905-1906 model. Typewritten legend on paper pasted to reverse side as fol]ows: ""SCHACHT BUGGY-(1905-1906) Cincinnati Ohio""; ""$500. (?)""; ""ENGINE - 2 CYLINDER WATER cooled - h.p. in rear crank at back."" Size 152 mm by 229 mm (6.0 in. by 9.8 in.) 2-5 2/20/91"
5	nothing	8	86-21-249	" B Negative of Print 86-21-249 Made In 1991"	"* Photograph of whn and Mrs. Louise Nichols Note at bottom border: ""W. H. Nichols + wife"":. size 83 mrn by 108 mm (3.25 in. by 4.25 in.) This item is a gift to the museum by Edward Mann, September 1990. Mr. Mann reports that the photograph was taken in the home of his father, Mr. David Mann, in Lincoln, Massachusetts some time after January 1941. *** Note *** Items 86-21-250 through 86-21-271 are all photographs that were stored in a red cardboard expansion portfolio. The photographs were removed and separately cataloged. Most photographs have no Identification of when or where they were taken. However', most were taken at the WHN plant, indoors and outdoors. One indoor photograph has a note on lower border ""Tool room dedication."" An outdoor group photograph has a notation that it: depicts ground breaking for Building 6. * * * End of Note * * *"
5	nothing	9	86-21-250	" Photograph of Jack Dempsey and Henry Haldy size 8"" x 10"""	"* Photograph of heavy-weight boxing champion Jack Dempsey and Henry Haldy taken indoors. Size 203 mm by 254 mm (8.0 in. by 10.0 in.) Reverse side notation: ""Manassa Mauler and Henry Haldy."" Stamp at center cf reverse side: ""Photograph by E. M. Logan, 28 Vernon Street, Waltham."" Upper right hand corner has the entry ""#11."""
5	nothing	10	86-21-251	" Photograph of Jack Dempsey and WHN in shop"	"* Photograph of Jack Dempsey with unidentified machine tool operator taken in machine shop. Size 203 mm by 254 mm (8.0 in. by .10.0 in.). Reverse side upper right hand corner is marked: ""Uli."" Same center stamp as 86-21 -250. Date of this item and 86-21-250 presumed to be the same however this is currently unknown ."
5	nothing	11	86-21-252	" Photograph of WHN & the Gerotor 5 League Leaders"	"* Photograph of Hart Nichols and five men of the WHN bowling team at entrance to 48 Woerd Avenue. Men are Identified Supplement No. 1. Size 203 mm by 254 mm (8.0 in. by 10.0 in.). Reverse side notes: ""The Gerotor 5 League Leaders""/ ""54% page 26."
5	nothing	12	86-21-253	" Photograph of Santa Claus"	"* Photograph of Santa Claus distributing gifts with unidentified children waiting in line before a Christmas tree. in •I Size 203 mm by 254 mm (8.0 in. by 10.0 in.). Reverse side stamp: ""W.B. Hay, Waltham Mass., Photos."" This reverse side stamp appears on a number of photographs and will hereafter be called Hay Stamp."
5	nothing	13	86-21-254	" Photograph of Assembly of Children & Adults Christmas Season (related to 253)"	"* Photograph in a large room of children and adults with bottom of Christmas tree of 86-21-253 shown at right edge. Time and location of photograph not identified. Size 203 mm by 254 mm (8.0 in. by 10.0 in.). Hay Stamp on reverse side."
5	nothing	14	86-21-256	" Duplicate Photo of 86-21-255"	"* Same subject as 86-21-255. Matte finish paper with 32 mm (1.25 in.) left side border. Two holes punched at border as for insertion in a two hole loose leaf binder. Reverse side has two stamps at the lower right hand corner: an identifying stamp with the notation: ""4 Jan 44, AAF Resident Rep General Electric Co., W.Lynn Mass."" Time stamp shows 2 O'clock (presumed to be 2:00 PM). Size 190 mm by 273 mm (7.5 in. by 10.75 in.)"
5	nothing	15	86-21-258	" Outdoor Photograph of Hart, Mrs. Louise & Arthur Nichols and Unidentified Male"	"* Photograph outdoors showing left to right: Hart, Mrs. Louise, and Arthur Nichols and unidentified man. Location and time unidentified. Size 203 mm by 254 mm (8.0 in. by 10.0 in.) on double weight paper. Reverse side has Hay Stamp."
5	nothing	16	86-21-258	" Mounted Newspaper Clipping Of Sea Scout (folder currently empty)"	"* Photograph outdoors showing left to right: Hart, Mrs. Louise, and Arthur Nichols and unidentified man. Location and time unidentified. Size 203 mm by 254 mm (8.0 in. by 10.0 in.) on double weight paper. Reverse side has Hay Stamp."
5	nothing	17	86-21-258	" B Reduced Size Photocopies Of 86-21-258 A (see also 86-21-258 A In Oversize Box)"	"* Photograph outdoors showing left to right: Hart, Mrs. Louise, and Arthur Nichols and unidentified man. Location and time unidentified. Size 203 mm by 254 mm (8.0 in. by 10.0 in.) on double weight paper. Reverse side has Hay Stamp."
5	nothing	18	86-21-259	" Photograph Showing Hart Nichols, Mrs. WHN, Arthur Nichols and Unidentified Clergy Man With Portait of WHN"	"* Photograph on a dais of Hart, Mrs. Louise, and Arthur Nichols with unidentified clergyman. At rear center of dais Is artist's portrait of WHN. Reverse side has Hay Stamp. Size 203 mm by 254 mm (8.0 In. by 10.0 In.)"
5	nothing	19	86-21-260	" Photograph Same Site as 86-21-259 Showing, L-R: Thomas, Mrs. Louise, Arthur, & Hart Nichols, Portrait of WHN in Background 8x10"""	"* Photograph at same site as 86-21-259 showing to right WHN employee Sally Thomasz Mrs. Louise, Arthur, Nichols. The portrait of WHN appears in the background Mrs. Louise and Arthur. Reverse side bears Hay Stamp. by 254 mm (8.0 in. by 10.0 in.) from left and Hart, between Size 203 mm"
5	nothing	20	86-21-261	" Group Photograph (see supplement #1 for identification)"	"* Group photograph at same site as 86-21-259 with Sally Thomas at extreme left in the first row and 14 men in three rows. The men are Identified In Supplement No. 1 under this catalog number. Reverse side has Hay Stamp. Size 203 mm by 254 mm (8.0 in. by 10.0 in.) on double weight paper."
5	nothing	21	86-21-262	" Group Photograph at WHN Loading Dock, 1 Women and 20 Men"	"* Group outdoor photograph at the WHN plant showing Mrs. Louise Nichols, Mrs. Frances Nichols Hoagland and 20 men in three rows. All are identified in Supplement No. 1. Size 203 mm by 254 mm (8.0 in. by 10.0 in.) on double weight paper. Reverse side has Hay Stamp. * Group of 25 year employees in outdoor photograph at the WHN plant showing Mrs. Louise Nichols, Mrs. Frances Nichols Hoagland and 20 men in three rows identified in Supplement No. 1. Size 203 mm by 254 mm (8.0 in. by 10.0 in.) on double weight paper. Reverse side has Hay Stamp."
5	nothing	22	86-21-263	" Group Photograph Same Site as 262 1 Woman and 39 Men"	"* Group of 15 year employees in outdoor photograph at same site as 86-21-262 showing (front row center) Hart Nichols, Sally Thomas, and Arthur Nichols and 37 men identified In Supplement No. 1. Hay Stamp on reverse side. Size 203 mm by 254 mm (8.0 in. by 10.0 in.) on double weight paper."
5	nothing	23	86-21-264	" Group Photograph Front of WHN Loading Dock, Approximately 100 Individuals Shown in 7 rows"	
5	nothing	24	86-21-265	" Group Photograph of Tool Room Dedication 8""x 10"""	"* Group indoor photograph. Notation on lower right hand corner border: ""Tool Room Dedication."" Size 203 mm by 254 mm (8.0 in. by 10.0 in.) on double weight paper. Photograph shows some fading and should be restored. Hay Stamp on reverse side. 2-7 2/20/91"
5	nothing	25	86-21-266	" Group Photograph see 86-21-265"	"* Indoor group photograph at same site and same time as 86-21-265. Size 203 mm by 254 mm (8.0 in. by 10.0 in.) on glossy double weight paper. Hay Stamp on reverse side, archival"
5	nothing	26	86-21-267	" Group Photograph Breaking Ground For BLDG #6 19 48"	"* Outdoor group photograph at ground breaking for Build-ing #6. Reverse side notation in ink: ""W.H.-Reading / Mrs. Nichols-with spade / Arthur Nichols-far left / Peggy Hoagland-child / Breaking ground for Bldg #6, 1948."" Size 203 mm by 254 mm (8.0 in. by 10.0 in.)"
5	nothing	27	86-21-268	" Group Photograph Outdoors Site & Time Undetermined"	"* Outdoor group photograph on the grounds of the WHN factory. Sign on building upper left: ""Sea Scout Ship (Pioneer) 7 Boy Scouts of America / Ship #39 Sachem Council."" Size 133 mm by 248 mm (5.25 in. by 9.75 in.) on glossy single weight paper. Reverse side has Hay Stamp. 86-21-269 * This catalog number is currently unassigned."
5	nothing	28	86-21-269	" Color Photograph 1969 Scout Sunday (In Folder 86-21-366)"	
5	nothing	29	86-21-270	" Photograph of Chalres River Site & Time Unidentified"	"* Landscape photograph showing the Charles River in Waltham, Date of photograph unknown. Size 203 mm by 254 mm (8.0 in. by 10.0 in.) on glossy single weight paper."
5	nothing	30	86-21-616	" Postcard of The Burgoyne Elm, Waltham "	
5	nothing	31	86-21-272	" Photograph of 1941 Chrysler"	"* Photograph of 1941 Chrysler four door sedan parked in front of factory building, Unidentified man in driver's seat may be WHN. Size 203 mm by 254 mm (8.0 in. by 10.0 in.) on glossy double weight paper. *** End of Photographs from red stiff paper portfolio ***"
5	nothing	32	86-21-274	" Photograph of Paddle Wheel Boat ""White Swan"" And Moody Street Bridge, Remeoved From Album 86-21-273 Page 53"	"* Photograph of Paddle Wheel Steamer ""White Swan"" on Charles River in Waltham, Size 203 mm by 254 mm (8.0 in. by 10.0 in.) on glossy single weight paper, This print was mechanically removed from page 52 of album 86-21-273. Reverse side notation: ""Moody Street Bridge""/ ""6925-42."""
5	nothing	33	86-21-275	" Photograph of Model Stem Locomotive, Tender, & Car Removed From Page 53 of Album 86-21-273"	"* Photograph of model steam locomotive, tender, and car.. Three children in car, two women are standing behind tender. Mechanically removed from page 53 of album 86-21-273. Size 203 mm by 254 mm (8.0 in. by 10.0 in.) on single weight semi-matte paper. Reverse side notation: ""George Lakeman C and O 7-1/2 N. Bellingham July-1951."" Notation on lower right hand corner of Album page 53: George Lakeman C & ■? 7-1/2 ga N. Bellingham, July 1951. "" 2-8 2/20/91"
5	nothing	34	86-21-277	" Removed From Album"	"* Photograph _r._ . of . WHN Company e office mounted on upper : half of Page 55. < Wai 1^calendar in photo shows Thur May 26 (Year illegible). Size: 114 mm by 165 mm (4.5 in. by 6.5 in.)"
5	nothing	35	86-21-284	" Newspaper Clip & Photocopy Of Steam Engine Story 1946, Original Newspaper Clip From 86-21-284"	"* Newspaper clipping and photocopy of clipping, Headline: ""An Historic Engine"" Sub-headline: John Gartshore's Masterpiece in Mechanical Construction, a review by Charles McCullough. Photocopy size: two sheets each 216 mm by 279 mm (8.5 in. by 11.0 in.). Original clip size 159 mm by 4 57 rnm (6.25 in. by 18.0 in.) Original extremely fragile."
5	nothing	36	86-21-285	" Obituary For Chart Nichols Published In The Waltham News-Tribute February 28,1966"	"* Obituary for W. Hart Nichols published in the Waltham News-Tribune for February 28, 1966. Original clipping + photocopy made by piece-wise assembly of portions of four copies. Size of master photocopy 140 mm by 279 mm (5.5 in. by 11.0 in.) 2-9 2/20/91"
5	nothing	37	86-21-286	" Obituaries For W.H. Nichols & David Mann From Product Engineering December 1957"	"* Typewritten copy of an article from the December 9, 1957 issue of PRODUCT ENGINEERING entitled: ""Obituary for Two Craftsmen,"" author identified as ""EJT."" The subjects of the obituary are W. H. Nichols and David Mann. On 216 mm by 279 mm (8.5 in. by 11.0 in.) bond paper."
5	nothing	38	86-21-287	" Drawing of Water Tube Boiler (Stored in Folder Same Catalog Number)"	"* Folded cross-section drawing of water tube boiler. Size unfolded 190 mm by 502 mm (7.5 in. by 19.75 in.) Folded size 190 mm by 254 mm (7.5 in. by 10.0 in.) This item was recovered from a folder that was labeled: ""Found in records of operation at pumping station Wai. Water Works 1889."" Photocopies made of drawing. Original stored archival envelope. This together with' photocopies stored in file folder. Both file folder and archival envelope bear the catalog number 86-21-287. *** Note on Items 86-21-288 to 86-21-298 *** These items are photographs or newspaper clippings originally mounted in clear plastic sleeves in a four ring binder. Most photographs were accompanied by typewritten captions on labels, 16 mm by 89 mm (0.62 in. by 3.5 in.) Each photograph and label was removed from its sleeve, and cataloged and stored In archival envelopes The typewritten caption labels have been stored in Lhc archival envelopes with the photographs. The empty plastic sleeves were replaced in the binder and the latter, uncataloged, has been placed in storage. Items whose catalog numbers begin with 86-21-351 were also removed from the ring binder storage and will be identified later in this list in the note after item 86-21-350. *** End of Note ***"
5	nothing	39	86-21-288	" Aerial Photograph December 14,1964 of Burt House & Charities River Caption Label Also Included"	"* Aerial photograph folded size 203 mm by 229 mm (8.0 in. by by 9.0 in.) from unfolded 229 mm by 229 mm (9.0 in. by 9.0 in.) Stored in folded size. Label caption: ""December 14, 1964. Aerial View of Boathouse and Charles River Waltham, Mass."" Reverse side stamp: ""Aerial Photo-. of new England / Date n*rr. 14 , 1964 / Photo Number 10."""
5	nothing	40	86-21-289	" Serial Photograph December 14,1964 of Woerd Ave Boat House And W. H. Nichols Company Caption Label Included"	"* Aerial Photograph same size and folding as 86-21-288. Label caption: ""December 14, 1964 Aerial View of Woerd Ave. Boat House and W.H. Nichols Company."" Same reverse side stamp as 86-21-288 except ""Photo Number 7."""
5	nothing	41	86-21-291	" Photograph of Steamer White Swan & Caption Strip"	"* Mounted photograph of steamer White Swan. Photo size 114 mm by 190 mm (4.5 in. by 7.5 in.) Mounted on black mounting board 133 mm by 216 mm (5.25 in. by 8.5 in.) Label caption: ""The original White Swan steamer taken below Auburndale Bridge."" Mount reverse side has hand written notation; ""Steamer White Swan below the Waltham Water Works Auburndale Bridge."" The words ""Waltham Water Works"" have a line through as if they are to be deleted. Photograph badly faded. A photocopy shows more detail. Photograph and label in archival envelope. Photocopy and archival envelope in folder. Both folder and archival envelope bear catalog number 86-21-291. 2-10 2/20/91"
5	nothing	42	86-21-292	" Mounted Photograph of Woerd Avenue Boathouse After Porches Had Been Added Photo & Label In Slip Case"	"* Mounted photograph of woerd Avenue Boat House, Photo size 127 mm by 171 mrn (5.0 in. by 6.75 in.) Mounting board size 203 mm by 254 mm (8.0 in. by 10.0 in.). Label caption ""Woerd Avenue Boat House after porches had been added."" Reverse side notation ""Waltham Canoe Club."""
5	nothing	43	86-21-293	" Mounted Photograph of Woerd Avenue Boathouse And Regatta Photo & Caption Label"	"* Mounted photograph of Boat House and regatta. '' , Photo Size 105 mm by 171 mm (4.12 in. by 6.75 in.) Mount size 197 mm by 248 mm (7.75 in by 9.75 in.) Label caption: ""Woerd Avenue Boat Hours early regatta held on Charles River."""
5	nothing	44	86-21-294	" Mounted Photograph of Woerd Avenue Boathouse At Regatta June 14, 1908 Photo & Label in Slip Case"	"* Mounted photograph of Woerd Avenue Boat House. Photo size 140 mm by 178 mm (5.5 in. by 7.0 in.) Mount size 203 mm by 254 mm (8.0 in. by 10.0 in.). Label caption: ""Woerd Avenue Boat House - Regatta held June 14, 1908 . "" Reverse side hand written notation: Waltham Canoe Club Regatta Gordon L. Burrows June 14, 1908 3/4 mile with turn 7 minutes 52 2/5 sec. Caption label and photograph"
5	nothing	45	86-21-295	" Mounted Photograph of Woerd Avenue Boathouse At Regatta June 14,1908 Photo & Label in Slip Case"	"* Mounted photograph of Woerd Avenue Boat House and regatta June 14, 1908. Photo size 140 mm by 203 mm (5.5 in. by 8.0 in.) Mount size 203 mm by 279 mm (8.0 in. by 11.0 in.) Label caption: ""June 14, 1908 - Regatta"""
5	nothing	46	86-21-296	" Woerd Avenue Boathouse Regatta August 16,1919 Photo & Label Enclosed"	"* Mounted photograph of Woerd Avenue Boat House and regatta, August 16, 1919. Photo size 114 mm by 178 mm (4.5 in. 7.0 in.) Mount size 203 mm by 254 mm (8.0 in. by 10.0 in.). by Label caption: ""Woerd Avenue Boat House - Regatta August 16, 1919."" Reverse side hand written notation: ""Waltham Canoe Club Regatta / War Canoe Race / 1st heat time 6 min 10 sec / Won by Crescent CC / Second Lawrence CC / 2nd heat time 5 min 56-4/5 sec / Won by Tatassit CC / Second Waltham CC / Final heat time 6 mln 5 sec / won by Tatassit CC / second Crescent CC."" Caption label and photograph"
5	nothing	47	86-21-297	" Mounted Photo of August 16,1919 Regatta Photo & Label Enclosed"	"* Mounted photograph of regatta on August 16,1919. Photo size 121 mm by 171 mm (4.75 in. by 6.75 in.), mount size 203 mm by 254 mm (8.0 in. by 10.0 in.). Label caption: ""August 16, 1919 Regatta."" Reverse side hand written notation: ""Waltham Canoe Club Regatta / August 16, 1919 War Canoe Race Second Heat / 1st Tatassit Canoe Club of Worcester, Mass. / 2nd Waltham Canoe Club / Time 5 min 56 1/5 sec."" Caption label and photograph"
5	nothing	48	86-21-298	" Mounted Photograph of August 16,1919 Regatta Photo & Label Enclosed"	"* Mounted photograph of regatta on August 16, 1919. Photo size 146 mm by 210 mm (5.75 in. by 8.25 in.), mount size 203 mm by 254 mm (8.0 in. by 10.0 in.). Label caption: ""August 16, 1919 - Regatta."" Reverse side hand written notation: ""Waltham Canoe Club Regatta / August 16, 1919 Club Four / Crescent Canoe Club Crews 1st and 2nd 1st crew 2nd crew A. Mosher Edw. MacDonald W. A. Moore G. L. Burrows A. Miers U. H. Hanson R. Mosher H. B. Arnold 3/4 Mile time 6 min 5 3/4 sec."" Caption label and photograph 2-11 Draft 2/18/91 NICHOLS3.DOC 86-21-299 * Photograph of Woerd Avenue Boat House. Size 165 mm by 219 mm (6.5 in. by 8.62 in.) Label Caption: ""Original Woerd Avenue Boat House built in the late 1899's."""
5	nothing	49	86-21-299	" Photograph of Original Woerd Avenue Boat House Built In The Late 1800's"	
5	nothing	50	86-21-300	" Ticket to 2nd Annual Ball Of The Waltham Canoe Club 188 (?)"	"* Ticket to Second annual ball of the Waltham Canoe Club, Tuesday January 10, 188?. (Lat digit of year missing.) Rectangu- lar shape with scalloped edges, Circumscribed rectangle size 86 mm by 109 mm (3.4 in. by 4.3 in.) *** NOTE on Items 86-21-301 through 86-21-350 *** On November 2 5, 19 4 2 the firm of W.H. Nichols and Sons was awarde’d an Army-Navy E for excellence (E-Award). There was a formal award ceremony attended by government representatives, company members, employees, and a number individuals with whom the firm had business connections. Correspondence and other memorabilia pertinent to the ceremony were mounted in a f1ve-and-dime scrap book using library paste. The scrap book cover boards were deteriorating and the pages were yellowing and brittle. The Individual items were removed from the pages with remarkable success using a palette knife; only two items suffered any damage and this was minor. All items removed were individually cataloged and assigned the numbers 86-21-301 through 86-21-350. The scrap book covers and the yel- lowed pages were discarded. *** End of Note * * *"
5	nothing	51	86-21-301	" Army-Navy-E 6""x 9"" Removed From Scrap Book Cover Sheet"	"* Army-Navy E-Award small poster board (may be brochure cover board). Size 152 mm by 229 mm (6.0 in. by 9.8 in.) . In 8""X10"" archival envelope."
5	nothing	52	86-21-302	" Army- Navy-E 6""x9"" Removed From Scrap- E-Award Presentation November 25,1942"	"in. by 9.8 * E-Award presentation sheet, in.) Size 152 mm by 229 mm (6.0"
5	nothing	53	86-21-303	" Letter October 31, 1942 From Undersecretary of War Announcing Forthcoming E-Award"	"* Letter from Robert E. Patterson, Under Secretary of War, to the men and women of WHN company announcing the E-Award. Dated October 31, 1942. Typewritten and signed on letterhead stationery,size 152 mm by 229 mm (6.0 in. by 9.8 in.)"
5	nothing	54	86-21-304	" Letter: W.H. Nichols To Robert Patterson November 7 1942 6""x9"""	"* Letter from WHN to Robert E. appreciation for E-Award. Dated November mm by 229 mm (6.0 in. by 9.8 in.) . Patterson expressing 7, 1942. Item size 152"
5	nothing	55	86-21-305	" Announcement Card E-Award"	"* Announcement Card, E-Award made October 127 mm by 146 mm (5.0 in. by 5.75 in.) 31, 1942 . Size"
5	nothing	56	86-21-306	" Newspaper Clippings"	"A * Newspaper clipping, in file. B * Newspaper clipping. Deteriorating, See A Photocopy inserted"
5	nothing	57	86-21-307	" Invitation to E-Award Ceremony November 24, 1942"	"* Sample November 25, 1942. invitation to E-Award ceremony to be held Size 131 mm by 216 mm (5.14 in. by 8.5 in.)"
5	nothing	58	86-21-308	" Army-Navy E-Award Program November 25, 1942 6""x9"" 12 Pages Including Covers"	"152 mm by * E-Award ceremony program for November 25, 1942. Size 229 mm (6.0 in. by 9.8 in.) , 12 pages including covers. 3-1 2/20/91"
5	nothing	59	86-21-309	" Typed Carbon Copy Of Army-Navy E-Award"	"texts of 11.0 in.) * Typewritten carbon-copy of E-Award program including speeches. On 17 pages of 216 mm by 279 mm (8.5 in. by onion skin paper."
5	nothing	60	86-21-310	" Letter Of Congratulations On E-Award From Roy F. Williams To W.E.N November 5,1942"	"* Letter of congratulations on E-Award from Roy E. Williams, General Manager Associated Industries of^Massachusetts to WHN, dated November 5, 1942. Typed on 216 mm by 279 mm (8.5 in. by 11.0 in.) paper and signed."
5	nothing	61	86-21-311	" Congratulatory Telegrams From Ben Dow & Donald Dolan November 25, 1942"	"* Two Western Union telegrams attached, both dated November 25, 1942. Both offer congratulations to_WHN on EyAward. Upper from Ben Dow, Eclipse Aviation Division of Bendix Aviation,"" lower from Donald Dolan of Colorado Springs, Colorado. These items are fragile and require restoration. 86-21-312 * Letter to WHN employees on E-Award. ""Henry D., 11/3/42. "" Signed in pencil"
5	nothing	62	86-21-312	" Congratulatory Letter To Employees On E-Award November 11,1942"	
5	nothing	63	86-21-313	" Letter From Major HR. Battley, Air Corps To W.H. Nichols & Sons Dated November 3, 1942"	"* Letter from Major H.R. Battley, Air Corps P.R. Officer to WHN offering assistance at E-Award ceremony. Dated November 3, 1942. On 203 mm by 267 mm (8.0 in. by 10.5 in.) stationery."
5	nothing	64	86-21-314	" List Of Department And Employees No Date"	"employees in.). * Typewritten list in each, One sheet of WHN departments and number of 216 mm by 279 mm (8.5 in. by 11.0"
5	nothing	65	86-21-316	" Letter To W.H.N From Chalres H. Sherwood December 1, 1942"	"* Letter from Charles H. Sherwood to WHN, Hart, and Arthur with E-Award congratulations. Dated December 1, 1942. Typewritten and signed on letterhead stationery, size 216 mm by 279 mm (8.5 in. by 11.0 in.)"
5	nothing	66	80-21-317	" Letter From E.W. Miller FE"	
5	nothing	67	80-21-318	" Clip American Mechanist November 26, 1942"	
5	nothing	68	80-21-319	" Letter From M.L. Draper, Dupont To F. McIntyre Zenith Products On E-Award To WHN November 27, 1942"	
5	nothing	69	86-21-320	" LetterL.R. Snow Of W.H. Winn's Sons To W.H.N & Sons Att: HA on E-Award December 1, 1942"	"* Letter from. L.R. Snow of J.H. Winn's Sons, Attn. Hart Nichols with congratulations on E-Award. Also states that WHN milling machine instrumental in Winn's getting E-Award. Dated December 1, 1042. Typewritten on letterhead stationery size 216 mm by 279 mm (8.5 in. by 11.0 in.) and signed L.R. . Snow. 3-2 2/20/91"
5	nothing	70	86-21-321	" Letter From H.K. Hallett Pres, Waltham National Bank To WHN & Sons November 30, 1942"	"* Letter from H.K. Hattett, President Waltham National Bank to WHN with congratulations for E-Award. Dated November 30, 194 2 . Typewritten and signed on 216 mm by 279 mm (8.5 in. by 11.0 in. ) letterhead."
5	nothing	71	86-21-322	" Letter Patrick Duane To WHN & Sons November 25, 1942"	"* Letter Dated November 30, mm (8.5 in. by 11.0 from Patrick Duane to WHN asking for a job. 1942. Typewritten and signed on 216 mm by 279 in.) paper."
5	nothing	72	86-21-323	" Letter From F. E. Haker To WHN & Sons E-Award"	"* Letter from F. E Haker, Allis-Chalmers to WHN with congratulations on E-Award but regrets cannot attend. Dated November 27, 1942. Typewritten and signed on 216 mm by 279 mm (ET. 5 in. by 11.0 in.) letterhead."
5	nothing	73	86-21-324	" Letter From L.D. Miles General Electric To WHN & Sons November 28,1942"	"* Letter from L.D. Miles, General Electric Co., Schenectady, N.Y. to WHN. Congratulations on E-Award dated November 28,1942. Typewritten and signed on 203 mm by 267 mm (8.0 in. by 10.5 in.) blue letterhead."
5	nothing	74	86-21-325	" Letter From Joseph Jay (WHN Employee In Armed Force) To WHN & Sons Handwritten & Signed on Letterhead"	"* Letter from Joseph Jay (WHN employee in Armed Forces) to WHN. Congratulations on E-Award. Undated. Hand written and signed on imprinted stationery of George Field (Air Base), Vincennes, Indiana. Size 159 mm by 254 mm (6.25 in by 10.0 in.)"
5	nothing	75	86-21-326	" Letter From Herbert A. Baker To WHN & Sons Congrats & Regrets On E-Award November 27,1942"	"* Letter from Herbert A. Baker of Wright, Brown, Quinby, and May, patent attorneys, to WHN. Congratulations and regrets for not attending ceremony. Dated November 27,1942. Typewritten and signed on 216 mm by 279 mm (8.5 in. by 11.0 in.) letterhead."
5	nothing	76	86-21-327	" W.U. Telegram From Descom Hoagland To WHN & Sons Dated November 25, 1942, Hoaglund was WHN's Son-In-Law"	"* western Union telegram from Descom Hoagland (Son-in-law to WHN), Fort Riley, Kansas, to WHN with congratulations. Dated November 25, 1942. Size 152 mm by 210 mm (6.0 in. by 8.25 in.) Deteriorating, needs restoration."
5	nothing	77	86-21-328	" Letter From George W. Smith War Production Board. Wash D.D. To WHN & Sons ATTN: Hart N Decenber 4, 1942"	"* Letter from George W. Smith, War Production Board to WHN (Attn: Hart Nichols) with congratulat1ons. Dated November 27, 1942. Typewritten on 203 mm by 267 mm (8.0 in. by 10.5 in.) WPB letterhead and signed."
5	nothing	78	86-21-329	" Letter From Thomas F Neelon To WHN & Sons, Congrats Dated November 27,1942"	"* Letter from Thomas H. Neelon, Metropolitan Life Insurance Company to WHN with congratulations. Typed and signed on 216 mm by 279 mm (8.5 in. by 11.0 in.) paper folded to 140 mm by 216 mm (5.5 in. by 8.5 in.)"
5	nothing	79	86-21-330	" Letter From Lester Perrweto WHN & Sons November 27, 1942"	"* Letter from Lester Perrine of Perrine Quality Products Corp, to WHN with regrets. Dated November 27, 1942. Typewritten and signed on 216 mm by 279 mm (8.5 in. by 11.0 in.) letterhead. 86-21-331 * Letter from Roy F. Williams, Associated Industries of Massachusetts to WHN with congratulations on E-Award. Dated November 27, 1942. Typewritten and signed on 216 mm by 279 mm (8.5 in. by 11.0 in.) letterhead. There was a similar earlier letter from Williams to WHN. See item 86-21-310."
5	nothing	80	86-21-331	" Letter From Roy F. Williams, Associated Industires Of Mass To WHN November 27, 1942"	
5	nothing	81	86-21-332	" Letter From John J. Flynn To WHN November 27, 1942 Of Law Firm Flynn & Flynn "	"* Letter from John J. Flynn of law firm of Flynn and Flynn to WHN on E-Award. Typewritten and signed on 216 mm by 279 mm (8.5 in. by 11.0 in.) letterhead. 3-3 2/20/91"
5	nothing	82	86-21-333	" Letter From James W. McQuiston Of Waltham Bleaching And Dye Works To WHN November 27, 1942"	"* Letter from James w. McQulston of Waltham Bleaching and Dye Works to WHN on E-Award, dated November 27, 1942. Typewritten and signed on 216 mm by 279 mm (8.5 in. by 11.0 in.) letterhead."
5	nothing	83	86-21-335	" Stage Layout For E-Award"	"* Stage layout for E-Award ceremony, ""Ditto"" machine copy with purple ink on blue paper, 216 mm by 279 mm (8.5 in. by 11.0 in. )"
5	nothing	84	86-21-336	" Letter From Oscar F. Falling To WHN & Sons Decline Invite To E-Award Ceremony"	"* Letter from Oscar F. Falling, Executive Vice President Waltham Federal Savings and Loan to WHN declining invitation. Dated November 25, 1942, typewritten and signed. Size 190 mm by 267 mm (7.5 ini n . by 10.5 in.)"
5	nothing	85	86-21-338	" 3 Photos 3 1/2"" x 5"" Showing Plaque Honoring Employees In Armed Forces"	
5	nothing	86	86-21-339	" 3 Photos 3 1/2"" x 5"" Showing Plague Stage & Persons At Award Ceremony, One Photo Shows Hart Nichols & R. Larsons"	"* Three photographic prints. each 89 mm by 127 nun (3.5' In . by 5.0 in.) showing plaque, stage, and persons at E-Award ceremony. In one photo of four men, Hart Nichols and R. Larson appear . All three photographs were on same page of scrap book."
5	nothing	87	86-21-340	" Two Photographs Showing"	"* Two photographic prints each 89 mm by 127 mm (3.5 in. by 5.0 In.) showing WHN In front of plaque, Both photographs were on same page of scrap book."
5	nothing	88	86-21-341	" E-Awards Blank Certificate For Individual Employees 9 1/2""x6"""	"* E--Award blank certificate Size 152 mm by 241 mm (6.o in. by 9.5 for in.) individual employees."
5	nothing	89	86-21-342	" ""Our Appreciation"" Printed Sheet To WHN 6""x9"""	"* Printed ""Our Appreciation to W. mm by 229 mm (6.0 in. by 9.8 in.) H. Nichols . "" Size 152"
5	nothing	90	86-21-343	" Letter From ""Shep"" To WHN Dated December 9, 1942 "	"* Letter from ""Shep"", 30 Rochefeller Plaza to WHN. Salutation: ""Dear Bill Henry."" Marked Personal. Dated December 1942. Typewritten and signed ""Shep."" Size 216 mm by 279 mm (8.5 in. by 11.0 in.)"
5	nothing	91	86-21-344	" Letter From A. Douglas Dalton Of Yale & Towne To WHN Type On 8""x 10 1/2"" Letterhead & Signed Dated November 25, 1942"	"* Letter from A. Douglas Dalton of Yale and facturing to WHN declining invitation. Dated November Towne Manu25, 1942. letterhead Typewritten on 203 mm by 267 mm (8.0 in. by 10.5 in.) and signed."
5	nothing	92	86-21-346	" Letter From E. Clifford Paites To WHN"	"* letter from E. Clifford Palte, Stark Tool company to WHN declining invitation. Dated November 26, 1942. Typewritten on 216 mm by 279 mm (8.5 in. by 11.0 In.) letterhead and signed. Name ""Paite"" scrawled and may be misspelled here."
5	nothing	93	86-21-347	" Letter From John J. Harrington To WHN "	"* Letter from John J. Harrington, CPA, to WHN declining invitation. Dated November 25, 1942. Typewritten and signed on 216 mm by 279 mm (8.5 in. by 11.0 in.) letterhead."
5	nothing	94	86-21-348	" Letter From R.S. Grand To WHN"	"declining signed on * Letter from R.S. Grand, The Austin Company to WHN invitation. Dated November 26, 1942. Typewritten and 216 mm by 279 mm (8.5 in. by 11.0 in.) letterhead."
5	nothing	95	86-21-349	" Letter From Wernon Mason To WHN"	"* Letter from Vernon Mason of Jenney and Mason attorneys to WHN declining invitation. Dated November 25, 1942. Typewritten on 216 mm by 279 mm (8.5 in. by 11.0 in.) letterhead and signed."
5	nothing	96	86-21-350	" Letter From W.H. Mill To WHN"	"* Letter from W.M. Mill, President of Thomas Smith Company to WHN. Dated November 25, 1042. Typewritten and signed on 216 mm by 279 mm (8.5 in. by 11.0 in.) letterhead. *** Notes *** Note 1: This concludes the listing of items removed from E-Award Scrap Book . A small number of items require restoration and these have been identified. Note 2: Items number 86-21-351 to 86-21-380 were mostly multiple small photographs or clippings that were originally attached to black paper mounts and were stored in transparent sleeves in a four ring loose leaf binder, Where possible the individual items were mechanically removed from the mounts and separately cataloged. As the note before item 86-21-288 explains, items 86-21-288 to 86-21-299 were also removed from sleeves in the same four ring loose leaf binder. *** End of Notes * * *"
5	nothing	97	86-21-351	" Woerd Avenue Boat House After Fire Folder"	"to 86-21-356 * These items are 5 photographs, each 83 mm by 108 mm (3.25 in. by 4.25 in.), a clipping from an unidentified publication, and a label with caption. A 77% reduction photocopy of the original single page layout was made. Each photograph, the clipping, and the label were mechanically removed from the black mounting paper and were separately stored, These in turn are stored together with the layout photocopy in a letter size file folder . All photographs are of the Boat House after the fire in 1969 . The undated clipping gives a brief history of the Boat House. 86-21-351 86-21-352 86-21-353 86-21-354 86-21-355 * View of burned Boat House. * View of burned Boat House. * View of * View of burned Boat burned Boat View of burned Boat House. House. * House. 3-5 2/20/91"
5	nothing	98	86-21-351	" Picture Woerd Ave Boat House After 1969 Fire (In Folder 86-21-351)"	"to 86-21-356 * These items are 5 photographs, each 83 mm by 108 mm (3.25 in. by 4.25 in.), a clipping from an unidentified publication, and a label with caption. A 77% reduction photocopy of the original single page layout was made. Each photograph, the clipping, and the label were mechanically removed from the black mounting paper and were separately stored, These in turn are stored together with the layout photocopy in a letter size file folder . All photographs are of the Boat House after the fire in 1969 . The undated clipping gives a brief history of the Boat House. 86-21-351 86-21-352 86-21-353 86-21-354 86-21-355 * View of burned Boat House. * View of burned Boat House. * View of * View of burned Boat burned Boat View of burned Boat House. House. * House. 3-5 2/20/91"
5	nothing	99	86-21-252	" Woerd Ave Boat House After 1969 Fire (In Folder 86-21-351)"	"* Photograph of Hart Nichols and five men of the WHN bowling team at entrance to 48 Woerd Avenue. Men are Identified Supplement No. 1. Size 203 mm by 254 mm (8.0 in. by 10.0 in.). Reverse side notes: ""The Gerotor 5 League Leaders""/ ""54% page 26."
5	nothing	100	86-21-253	" Woerd Ave Boat House After 1969 Fire (In Folder 86-21-351)"	"* Photograph of Santa Claus distributing gifts with unidentified children waiting in line before a Christmas tree. in •I Size 203 mm by 254 mm (8.0 in. by 10.0 in.). Reverse side stamp: ""W.B. Hay, Waltham Mass., Photos."" This reverse side stamp appears on a number of photographs and will hereafter be called Hay Stamp."
5	nothing	101	86-21-354	" Woerd Ave Boat House After 1969 Fire (In Folder 86-21-351)"	
5	nothing	102	86-21-355	" Woerde Ave Boat House After 1969 Fire (In Folder 86-21-351)"	
5	nothing	103	86-21-356	" Clipping And Label On Woerd Ave Boat House (In Folder 86-21-351)"	"* Descriptive clipping approximately 50 mm by 100 mm In. by 4 In.) and label with caption: ""Woerd Avenue Boat House after fire in 1969."" The Boat House was built during the nineteenth century as a community canoe house. It was changed to a boat and canoe club In 1937 and the upper section was purchased by the ""Prospect Lodge of Odd Fellows"" in 1938 and used as a community facility thereafter. (2"
5	nothing	104	86-21-357	" Original Clippings And Photocopies Of News Item From News Tribune September 8, 1947 Sea Scout Regatta"	"* Three-part newspaper clipping from the September 8, 1947 issue of the Waltham News Tribune on the subject of a Sea Scout Regatta. This item consists of a newspaper photograph with' caption, a news story with the headline ""Waltham Sea Scouts Record Impressive Victory in Regatta"", and a date line from the top of the newspaper page. It proved unfeasible to remove the individual items from the black mounting paper. A 77% reduction photocopy of the entire original mount was made then the mount was cut into two pieces; one piece contained the photograph and date line; the second piece contained the news item. Full size photocopies were made of the cut pieces. Thus, this item consists of: three photocopies stored In the Item file folder; the original clipping parts stored in an archival envelope with the latter stored in the file folder . The file folder and archival envelope both bear the item catalog number."
5	nothing	106	86-21-361	" Color Photograph Of Waltham Sea Scouts 25th Anniversary And Caption Label (In Folder)"	"to 86-21-365 * Five color photographs, each 3.5"" by 3.5"" and caption label. Reduced size (77% reduction) photocopy made of original full papge mount. Each photograph stored in archival envelope. Photocopy of original page mount, size 216 mm by 279 mm (8.5 in. by 11.0 in.), and five archival envelopes stored in letter size file folder. Each photograph is identified with its catalog number on the photocopy. Sea Scouts 1969."" 86-21-362 86-21-363 86-21-364 * Color photograph and 25th Anniversary held * Color photograph of * Color photograph of * Color photograph of"
5	nothing	107	86-21-362	" Color Photo Sea Scouts 25th Anniversary (In Folder 86-21-361)"	
5	nothing	108	86-21-363	" Color Photo Sea Scouts 25th Anniversay (In Folder 86-21-361)"	
5	nothing	109	86-21-364	" Color Photo Sea Scouts 25th Anniversay (In Folder 86-21-361)"	
5	nothing	110	86-21-365	" Color Photo Sea Scouts 25th Anniversary (In Folder 86-21-361)"	"* Color photograph of label with caption: ""Waltham in Woerd Avenue Boat House May Sea Scout Sea Scout Sea Scout 25th Anniversary. 25th Anniversary. 25th Anniversary. Sea Scout 25th Anniversary."
5	nothing	112	86-21-367	" BEW Photographs Of NAvy Motor Boat Used By Waltham Sea (In Folder)"	"* Black and white photograph of power boat on shore. Size 89 mm by 89 mm (3.5 in. by 3.5 in.) Label with caption: Navy motor boat used by Waltham Sea Scouts for a few years."" and photograph stored. ""Old Label"
5	nothing	113	86-21-268	" Color Photograph 1969 Scout Sunday Label With Caption (In Folder)"	"* Outdoor group photograph on the grounds of the WHN factory. Sign on building upper left: ""Sea Scout Ship (Pioneer) 7 Boy Scouts of America / Ship #39 Sachem Council."" Size 133 mm by 248 mm (5.25 in. by 9.75 in.) on glossy single weight paper. Reverse side has Hay Stamp. 86-21-269 * This catalog number is currently unassigned."
5	nothing	114	86-21-270	" Color Photograph 1969 Scout Sunday (In Folder)"	"* Landscape photograph showing the Charles River in Waltham, Date of photograph unknown. Size 203 mm by 254 mm (8.0 in. by 10.0 in.) on glossy single weight paper."
5	nothing	116	86-21-371	" Photograph Of Sea Scout Activities (In Folder)"	
5	nothing	117	86-21-372	" Photograph Of Sea Scout Activites (In Folder)"	"* description of Sea Scout activities? Unidentified persons also shown."
5	nothing	118	86-21-373	" Photograph Of Sea Scout Activities (In Folder)"	"* r Photograph showing a number Scout activities. of boats under way as Sea"
5	nothing	119	86-21-374	" Phtograph Of Sea Scout Activities (In Folder)"	"* Photograph r showing 3 young men at table engaging ' in — ---- - activities. Sea Scout an outdoor picnic"
5	nothing	120	86-21-375	" Photographs Of Sea Scout Acitivites (In Folder)"	"* Photoggraph of power boat under way. Location of the waterway and identification of the boat were unspecified, Boat resembles Navy power boat shown in 86-21-367."
5	nothing	121	86-21-376	" Photographs Of Racing Shells On Charles River, Waltham (In Folder)"	"* Photograph of two 4-oar racing shells with oarsmen and coxswains and a power launch on Charles River. Label with caption: ""W. H. Nichols employees in shells on Charles River - opposite Mount Feake Cemetery."" Size 203 mm by 254 mm (8.0 in. by 10.0 in.) stored"
5	nothing	122	86-21-377	" Photograph Of 4-Oar Shell And Power Boat At Dock "	"* Photograph of power boat and racing shell at boat house dock. Size 203 mm by 254 mm (8.0 in. by 10.0 in.) stored imn 8 X10 archival envelope. Date unspecified however location is at Woer Avenue Boat House dock. \ 86-21-378 * Mounted photograph of dock mounted (foreground), photograph racing (no borders) and power launch in river. Size of i------ . . . in.). is 190 mm by 248 mm (7.5 in. by 9.75 in.). Label with caption. ""Boating on’Charles River as seen from Boat House Dock. Date 1 unspecifled. on boat car86-21-379 * Photograph of power ■ launch ""White of Swan"" Charles River in riage. Date unspecified. ' ’. Location on banks c by 9.5 in.) on Waltham inferred. L.__ Size 178 mm by 241 mm (7.0 in. double weight matte finish paper."
5	nothing	123	86-21-378	" Photograph Of Boating On Charles River In Waltham & Label"	
5	nothing	124	86-21-379	" Photographs Of ""White Swan"" On Boat Carriage"	
5	nothing	125	86-21-380	" Photograph Of Launch White Swan Under way In Charles River"	
